<?xml version="1.0" encoding="UTF-8"?>
<TEI xmlns="http://www.tei-c.org/ns/1.0" xml:lang="">
<teiHeader>
<fileDesc>
<titleStmt>
<title>L’Honneur du théâtre</title>
<editor key="Thouret, Clotilde (1974-....)">Clotilde Thouret</editor>        
</titleStmt>
<editionStmt>
<edition>OBVIL</edition>
<respStmt>
<name>Chiara Mainardi</name>
<resp>Édition XML-TEI</resp>
</respStmt>
</editionStmt>
<publicationStmt>
<publisher>Université Paris-Sorbonne, LABEX OBVIL</publisher>
<date when="2015"/>
<idno>http://obvil.paris-sorbonne.fr/corpus/haine-theatre/anon_honneur-theatre_1620/</idno>
<availability status="restricted">
<licence target="http://creativecommons.org/licenses/by-nc-nd/3.0/fr/"><p>Copyright © 2014 Université Paris-Sorbonne, agissant pour le Laboratoire d’Excellence « Observatoire de la vie littéraire » (ci-après dénommé OBVIL).</p><p>Cette ressource électronique protégée par le code de la propriété intellectuelle sur les bases de données (L341-1) est mise à disposition de la communauté scientifique internationale par l’OBVIL, selon les termes de la licence Creative Commons : « Attribution - Pas d’Utilisation Commerciale - Pas de Modification 3.0 France (CC BY-NC-ND 3.0 FR) ».</p><p>Attribution : afin de référencer la source, toute utilisation ou publication dérivée de cette ressource électroniques comportera le nom de l’OBVIL et surtout l’adresse Internet de la ressource.</p><p>Pas d’Utilisation Commerciale : dans l’intérêt de la communauté scientifique, toute utilisation commerciale est interdite.</p><p>Pas de Modification : l’OBVIL s’engage à améliorer et à corriger cette ressource électronique, notamment en intégrant toutes les contributions extérieures. La diffusion de versions modifiées de cette ressource n’est pas souhaitable.</p></licence>
</availability>
</publicationStmt>
<sourceDesc>
<bibl><title>An., <hi rend="i">« L’Honneur du théâtre »</hi></title>, dans <hi rend="i">L’Asne ruant. Composé par le disciple de Philostrat (sic). Ensemble six Prologues Comiques du mesme Autheur</hi>, Paris, Fleury Bourriquant, 1620, p. 39-42.</bibl>
</sourceDesc>
</fileDesc>
<profileDesc>
<creation>
<date when="1620"/>
</creation>
<langUsage>
<language ident="fr"/>
</langUsage>
</profileDesc>
</teiHeader>
<text>
<body>
<head>L’ASNE / RUANT
<lb/>Composé par le disciple de Philostrat.
<lb/><hi rend="i">Ensemble six Prologues Comiques du / mesme Autheur.</hi>
<lb/>A PARIS
<lb/>Par FLEURY BOURRIQUANT
<lb/>En l’Isle du Palais, rue Traversan-/te, aux Fleurs Royales.
<lb/>M. DC. XX.</head>
<div>
<head>Prologue</head>
<p><pb n="39"/> <note resp="editor"> [NDE] Ce prologue est le premier d’un ensemble de six que l’auteur dit avoir composé à la demande de comédiens. Les six prologues suivent le récit lucianesque de <hi rend="i">L’Asne ruant</hi> : il donne le titre au volume et, au dire de l’auteur, met en scène des étudiants en droit de Bourges sous des identités illustres. Il se pourrait donc que les prologues aient été commandés par une troupe de Bourges ou de passage dans la ville. Les autres prologues portent sur l’amour et sa puissance, sur l’envie et sur les femmes.</note>Que sert aux Assyriens, aux Médoi[s]<note resp="editor">[NDE] Aux Mèdes.</note>, aux Perses, aux Macédoniens, et à cet invincible Sénat, d’avoir donné fondement aux Monarchies, amplifié ses bornes, établi l’état d’un admirable empire, subjugué la meilleure partie de la terre, conservé l’excellente dignité d’un noble gouvernement ; Si la postérité par l’agréable mémoire d’un Nine, d’un Arbaze, d’un Cyre<note resp="editor">[NDE] Ninus, fondateur de la ville de Ninive en Mésopotamie ; Arbaze est mentionné comme roi de Perse par Antoine de Varillas (<hi rend="i">Histoire des révolutions arrivées dans l’Europe en matière de religion</hi>, Paris, C. Barbin, vol. 2, 1686, p. 334) mais n’est pas attesté par ailleurs (ont régné sur la Perse plusieurs Artabaze et Orabaze) ; Cyrus (VIe s. av. J.C.) fondateur de l’empire perse.</note>, d’un Alexandre, d’un César, et d’un Pompée ne les récompensait de leurs vertus, et ne mettait en évidence ces anciens courages doués d’une louable magnanimité ? C’est à l’histoire, généreux Héros, que vous et nous tout ensemble devons mille millions de grâces, lui présentant les plus zélés de nos vœux, pour nous conserver ce que la longueur du temps pouvait ensevelir dans un injuste oubli. Et ce qui semble prodigieux, les antiquités se consomment par la suite des ans, agitées par le jouet de fortune, ébranlées par les hasards, et tenues par la négligence : la seule mémoire de vos actions, célébrée par tant de bouches, honorée par tant de <pb n="40"/> plumes, et conservée par le soin de l’histoire, qui remplit un monde du bruit de vos conquêtes, a pour conservateur le temps, qui dissipe toutes choses. Que si nous faisons profit des erreurs, puisque les erreurs font les hommes sages, et que nous nous proposons, pour exemplaires de nos actions, les conseils des plus anciens personnages, que l’âge et l’expérience sont inévitables ; n’avouerons-nous pas que l’histoire nous doit servir de très excellent miroir pour y considérer le vice et la vertu, non terminés par la vie d’un mortel, mais par le perpétuel récit de tous les âges, et de tous les siècles.</p>
<p>C’est elle qui par la lecture et considération des choses louables égale la prudence d’une jeunesse bouillante à celle d’une vieillesse expérimentée, réveille les esprits impuissants pour les faire aspirer à la grandeur, excite les plus puissants à mériter un los immortel, salaire de leurs bonnes vies, anime les soldats par l’immortalité de ceux qui n’ont redouté les dangers pour la conservation de leurs parties, retire les méchants de leur impiétés par la crainte d’infamie, exhorte à la vertu, déteste le vice, guerdonne les bons, abhorre les méchants, et se rend tellement utile aux humains, qu’elle semble servir d’une sage maîtresse pour les former à l’honneur par son instruction.</p>
<p>C’est sans reproche, Messieurs, que nous nous maintenons fidèles conservateurs de ce précieux trésor, et qui véritablement servons de trompettes pour entonner le los immortel des plus perfectionnés.</p>
<p>Si la lecture muette guerdonne les travaux d’un <pb n="41"/> Hercule, d’un Bacchus, d’un Thésée, et les rend satisfaits d’avoir un étudiant témoin de leur valeur ; la récompense que nous leurs donnons n’est-elle pas beaucoup plus excellente, publiant leurs mérites en la présence des plus rares esprits de ce siècle, qui contemplent et l’histoire et le geste, représentant au vrai les effets de l’ancienne générosité ? Sans vanité, Messieurs, les louanges que l’histoire peut mériter sont légitimement redoublées sur nos personnes, vu que nous retirons de l’enfer ce que Pluton pensait être garroté dans ses plus profondes cavernes ; nous puisons dans les eaux ce que Neptune pensait avoir de plus caché, et nous faisons descendre de là-haut les Dieux immortels, trop heureux de paraître sur ce théâtre pour publier leurs amours, leurs batailles, et leurs trophées, qui n’emportent autre prix que votre bonne attention.</p>
<p>Et puisque la vertu cherche le jour, et désire d’être vue ; serions-nous méprisables d’étaler notre marchandise devant ceux qui n’en sauraient tirer que tout honneur et profit, et nous la louange de les servir, et nous évertuer de rappeler l’antiquité, imitant les plus capables d’entre les Grecs et les Romains ; comme un Euripide, un Névius<note resp="editor">[NDE] Cnaeus Naevius (264 av. JC - 194 av. JC), dramaturge romain.</note>, et dix mille autres qui charmaient les oreilles des spectateurs, par la naïve représentation de leurs comédies, trop plus agréables que les grands jeux Olympiques et Romains, où les plus ignorants pouvaient mériter le prix d’une insigne victoire.</p>
<p>Ce Comédien Romain était si naïf en ses personnages, et si violent en ses actions, qui semblaient <pb n="42"/> requérir quelque affection, qu’il tua d’un coup de Sceptre un importun sur le Théâtre, rendant la comédie tragique, ou la tragédie plus funeste. Nous imiterons sa naïveté, Messieurs, non pas sa cruauté ; repaissant vos oreilles de la plus douce harmonie qui puisse sortir du sacré concert des plus excellents Poètes, et vos yeux des plus agréables feintes que l’invention Comique ou Tragique puisse trouver pour vous complaire, et vous témoigner que notre plus ardent désir est de vous contenter, et laisser une opinion dedans vos cœurs que nous ayons essayé tous les moyens de nous déclarer vos très humbles serviteurs.</p>
</div>
</body>
</text>
</TEI>
