<?xml version="1.0" encoding="UTF-8"?>
<?xml-model href="http://svn.code.sf.net/p/algone/code/teibook/teibook.rng" type="application/xml"  schematypens="http://relaxng.org/ns/structure/1.0"?>
<?xml-stylesheet type="text/xsl" href="../../teipub/xsl/tei2html.xsl"?>
<?xml-stylesheet type="text/css" href="http://svn.code.sf.net/p/algone/code/teibook/teibook.css"?>
<TEI xmlns="http://www.tei-c.org/ns/1.0" xml:lang="fr" xml:id="nicole_traite-de-la-comedie_1675">
  <teiHeader>
    <fileDesc>
      <titleStmt>
        <title>Traité de la comédie</title>
        <author key="Nicole, Pierre (1625-1695)">Pierre Nicole</author>
      </titleStmt>
      <editionStmt>
        <edition>OBVIL</edition>
        <respStmt>
          <name>Chiara Mainardi</name>
          <resp>Transcription, stylage, XML-TEI</resp>
        </respStmt>
        <respStmt>
          <name>Frédéric Glorieux</name>
          <resp>Édition TEI</resp>
        </respStmt>
      </editionStmt>
      <publicationStmt>
        <publisher>Université Paris-Sorbonne, LABEX OBVIL</publisher>
        <date when="2014"/>
        <idno>http://obvil.paris-sorbonne.fr/corpus/haine-theatre/nicole_traite-de-la-comedie_1675/</idno>
        <availability status="restricted">
          <licence target="http://creativecommons.org/licenses/by-nc-nd/3.0/fr/"><p>Copyright © 2014 Université Paris-Sorbonne, agissant pour le Laboratoire d’Excellence « Observatoire de la vie littéraire » (ci-après dénommé OBVIL).</p><p>Cette ressource électronique protégée par le code de la propriété intellectuelle sur les bases de données (L341-1) est mise à disposition de la communauté scientifique internationale par l’OBVIL, selon les termes de la licence Creative Commons : « Attribution - Pas d’Utilisation Commerciale - Pas de Modification 3.0 France (CC BY-NC-ND 3.0 FR) ».</p><p>Attribution : afin de référencer la source, toute utilisation ou publication dérivée de cette ressource électroniques comportera le nom de l’OBVIL et surtout l’adresse Internet de la ressource.</p><p>Pas d’Utilisation Commerciale : dans l’intérêt de la communauté scientifique, toute utilisation commerciale est interdite.</p><p>Pas de Modification : l’OBVIL s’engage à améliorer et à corriger cette ressource électronique, notamment en intégrant toutes les contributions extérieures. La diffusion de versions modifiées de cette ressource n’est pas souhaitable.</p></licence>
        </availability>
      </publicationStmt>
      <sourceDesc>
        <bibl><author>Pierre Nicole</author>, <title>Traité de la comédie</title>, <date>1675</date>.</bibl>
      </sourceDesc>
    </fileDesc>
    <profileDesc>
      <creation>
        <date when="1675"/>
      </creation>
      <langUsage>
        <language ident="fr"/>
      </langUsage>
    </profileDesc>
  </teiHeader>
  <text>
    <body>
      <head>Nicole, 1675, "Essais de Morale contenus en divers traités sur plusieurs devoirs importants". Troisième volume. A Paris, Guillaume Desprez. "Traité de la comédie" (p. 271-331)</head>
      <div type="titre2">
        <head>I.<pb n="271"/>
<lb/></head>
        <p>Il n’y a guère eu que ce siècle-ci où l’on ait entrepris de justifier la Comédie, et de la faire passer pour un divertissement qui se pouvait allier avec la dévotion. Les autres étaient plus simples dans le bien et dans le mal. Ceux qui y faisaient profession de piété témoignaient par leurs actions et par leurs paroles, l’horreur qu’ils avaient de ces spectacles profanes. Ceux qui étaient possédés de la passion du théâtre, reconnaissaient au moins qu’ils ne suivaient pas en cela les règles de la religion chrétienne. Mais il s’est trouvé des gens dans celui-ci, qui ont prétendu pouvoir allier sur ce point la piété et l’esprit du monde. On ne se contente pas de suivre le vice, on veut <pb n="272"/>encore qu’il soit honoré et qu’il ne soit pas flétri par le nom honteux de vice, qui trouble toujours un peu le plaisir que l’on y prend, par l’horreur qui l’accompagne. On a donc tâché de faire en sorte que la conscience s’accommodât avec la passion, et ne la vînt point inquiéter par ses importuns remords. Et c’est à quoi on a beaucoup travaillé sur le sujet de la Comédie. Car comme il n’y a guère de divertissement plus agréable aux gens du monde que celui-là, il leur était fort important de s’en assurer une jouissance douce, et tranquille, afin que rien ne manquât à leur satisfaction. Le moyen qu’emploient pour cela ceux qui sont les plus subtils, est de se former une certaine idée métaphysique de Comédie, et de purifier cette idée de toute sorte de péché. La Comédie, disent-ils, est une représentation d’actions et de paroles comme présentes. Quel mal y a-t-il en cela ? Et après avoir ainsi justifié leur idée générale de Comédie; ils croient avoir prouvé qu’il n’y a <pb n="273"/>point de péché aux Comédies ordinaires, et ils y assistent ensuite sans scrupule. Mais le moyen de se défendre de cette illusion est de considérer au contraire la Comédie, non dans une spéculation chimérique, mais dans la pratique commune et ordinaire dont nous sommes témoins. Il faut regarder quelle est la vie d’un Comédien et d’une Comédienne, quelle est la matière et le but de nos Comédies ; quels effets elles produisent d’ordinaire dans les esprits de ceux qui les représentent, ou qui les voient représenter ; quelles impressions elles leur laissent ; et examiner ensuite si tout cela a quelque rapport avec la vie, les sentiments et les devoirs d’un véritable Chrétien. C’est ce qu’on a dessein de faire dans cet écrit. Mais comme la plupart des raisons dont on se servira s’étendent naturellement à la lecture des Romans, on les y comprendra souvent, et l’on prie ceux qui le liront de les y comprendre quand on ne le fera pas expressément.<pb n="274"/></p>
      </div>
      <div type="titre2">
        <head>II.
<lb/></head>
        <p>Il est impossible de considérer le métier de Comédien, et de le comparer avec la profession Chrétienne, qu’on ne reconnaisse qu’il n’y a rien de plus indigne d’un enfant de Dieu et d’un membre de <hi rend="small-caps">Jésus-Christ</hi> que cet emploi. On ne parle pas seulement des dérèglements grossiers, et de la manière dissolue dont les femmes paraissent sur le théâtre, parce que les défenseurs de la Comédie en séparent toujours ces sortes de désordres par l’imagination, quoiqu’on ne les en sépare jamais effectivement. On ne parle que de ce qui en est entièrement inséparable. C’est un métier qui a pour but le divertissement des autres ; où des hommes et des femmes représentent des passions de haine, de colère, d’ambition, de vengeance, et principalement d’amour. Il faut qu’ils les expriment le plus naturellement, et le plus vivement qu’il leur est possible ; et ils ne le sauraient faire s’ils <pb n="275"/>ne les excitent en quelque sorte en eux-mêmes, et si leur âme ne se les imprime, pour les exprimer extérieurement par les gestes, et par les paroles. Il faut donc que ceux qui représentent une passion d’amour en soient en quelque sorte touchés pendant qu’ils la représentent; et il ne faut pas s’imaginer que l’on puisse effacer de son esprit cette impression qu’on y a excitée volontairement, et qu’elle ne laisse pas en nous une grande disposition à cette même passion qu’on a bien voulu ressentir. Ainsi la Comédie par sa nature même est une école et un exercice de vice, puisqu’elle oblige nécessairement à exciter en soi-même des passions vicieuses. Que si l’on considère que toute la vie des Comédiens est occupée dans cet exercice : qu’ils la passent tout entière à apprendre en particulier, ou à répéter entre eux, ou à représenter devant des spectateurs, l’image de quelque vice ; qu’ils n’ont presque autre chose dans l’esprit que ces folies; on verra facilement qu’il est impossible d’allier <pb n="276"/>ce métier avec la pureté de notre religion. Et ainsi il faut avouer que c’est un emploi profane et indigne d’un Chrétien ; que ceux qui l’exercent sont obligés de le quitter, comme tous les Conciles l’ordonnent ; et par conséquent qu’il n’est point permis aux autres de contribuer à les entretenir dans une profession contraire au Christianisme, ni de l’autoriser par leur présence.</p>
      </div>
      <div type="titre2">
        <head>III.
<lb/></head>
        <p>Comme la passion de l’amour est la plus forte impression que le péché ait faite sur nos âmes, ce qui paraît assez par les désordres horribles qu’elle produit dans le monde, il n’y a rien de plus dangereux que de l’exciter, de la nourrir, et de détruire ce qui la tient en bride et qui en arrête le cours. Or ce qui y sert le plus est une certaine horreur que la coutume et la bonne éducation en impriment ; et rien ne diminue davantage cette horreur que la Comédie, parce que cette passion y paraît avec honneur et d’une <pb n="277"/>manière qui, au lieu de la rendre horrible, est capable au contraire de la faire aimer. Elle y paraît sans honte et sans infamie. On y fait gloire d’en être touché. Ainsi l’esprit s’y apprivoise peu à peu. On apprend à la souffrir et à en parler; et l’âme s’y laisse ensuite doucement aller en suivant la pente de la nature.</p>
      </div>
      <div type="titre2">
        <head>IV.
<lb/></head>
        <p>Il est inutile de dire, pour justifier les Comédies et les Romans, qu’on n’y représente que des passions légitimes et qui ont pour fin le mariage; car encore que le mariage fasse un bon usage de la concupiscence, elle est néanmoins en soi toujours mauvaise et déréglée ; et il n’est pas permis de l’exciter, ni dans soi-même, ni dans les autres. On doit toujours la regarder comme le honteux effet du péché, comme une source de poison capable de nous infecter à tous moments, si Dieu n’en arrêtait les mauvais effets. Ainsi, de quelque honnêteté apparente dont les Comédies et les <pb n="278"/>Romans tâchent de la revêtir, on ne peut nier qu’en cela même ils ne soient contraires aux bonnes mœurs, puisqu’ils impriment une idée agréable d’une passion vicieuse, et qu’ils en font même une qualité héroïque, n’y en ayant point qui paraisse avec plus d’éclat que celle-là dans ces héros de Théâtre et de Roman.</p>
      </div>
      <div type="titre2">
        <head>V.
<lb/></head>
        <p>Le mariage règle la concupiscence, mais il ne la rend pas réglée. Elle retient toujours quelque chose du dérèglement qui lui est propre ; et ce n’est que par force qu’elle se contient dans les bornes que la raison lui prescrit. Or en excitant cette passion par les Comédies, on n’imprime pas en même temps l’amour de ce qui la règle. Les spectateurs ne reçoivent que l’impression de la passion, et peu ou point de la règle de la passion. L’auteur l’arrête où il veut dans ses personnages par un trait de plume ; mais il ne l’arrête pas de même en ceux en qui il l’excite. La représentation <pb n="279"/>d’un amour légitime et celle d’un amour qui ne l’est pas font presque le même effet, et n’excitent qu’un même mouvement qui agit ensuite diversement selon les différentes dispositions qu’il rencontre : et souvent même, la représentation d’une passion couverte de ce voile d’honneur est plus dangereuse, parce que l’esprit la regarde avec moins de précaution, qu’elle y est reçue avec moins d’horreur, et que le cœur s’y laisse aller avec moins de résistance.</p>
      </div>
      <div type="titre2">
        <head>VI.
<lb/></head>
        <p>Ce qui rend le danger de la Comédie plus grand est qu’elle éloigne tous les remèdes qui peuvent empêcher la mauvaise impression qu’elle fait. Le cœur y est amolli par le plaisir. L’esprit y est tout occupé des objets extérieurs, et entièrement enivré des folies que l’on y voit représenter, et par conséquent hors de l’état de la vigilance chrétienne, nécessaire pour résister aux tentations, et comme un roseau capable d’être emporté <pb n="280"/>par toutes sortes de vents. Il y a bien de l’apparence que personne n’a jamais songé à s’y préparer par la prière, puisque l’Esprit de s’y préparer par la prière, puisque l’Esprit de Dieu porterait bien plutôt à éviter ce divertissement dangereux, qu’à lui demander la grâce d’être préservé de la corruption qui s’y rencontre. Si donc les personnes qui vivent dans la retraite et dans l’éloignement du monde, ne laissent pas de trouver de grandes difficultés dans la vie chrétienne au fond même des Monastères ; s’ils reçoivent des atteintes du commerce du monde, lors même que c’est la charité et la nécessité qui les y engagent, et qu’ils se tiennent sur leurs gardes autant qu’ils peuvent pour y résister : quelles peuvent être les plaies et les chutes de ceux qui, menant une vie toute sensuelle, s’exposent à des tentations auxquelles les plus forts ne pourraient s’empêcher de succomber ? Ne doit-on pas dire d’eux en les comparant avec les personnes saintes, ce que Job dit de l’homme en le comparant avec les Anges : <quote><hi rend="i">Ecce qui <pb n="281"/>serviunt ei non sunt stabiles ? Et in angelis suis reperit pravitatem ? Quanto magis qui habitant domos luteas consumentur velut a tinea ? </hi></quote>Si ces esprits qui servent à Dieu de ministres ne sont pas fermes, et s’il trouve des défauts dans ses Anges mêmes ; à combien plus forte raison des âmes renfermées en des corps, comme en des maisons de boue, seront-elles sujettes à la corruption et au péché ? Ou ce que dit Isaïe : <quote><hi rend="i">Super humum populi mei spinae et vepres ascenderunt ; quanto magis super omnem domum gaudii civitatis exultantis ? </hi></quote>Si la terre de mon peuple, dit le Seigneur, est couverte de ronces et d’épines, c’est-à-dire, si les âmes qui soupirent après leur patrie céleste, sont quelquefois percées par les pointes du péché, à quels désordres ne s’emporteront point ceux qui vivent dans les plaisirs, et qui ont le cœur rempli de toutes les folles joies du monde ? <quote><hi rend="i">Quanto magis super omnem domum gaudii civitatis exultantis ? </hi></quote><pb n="282"/></p>
      </div>
      <div type="titre2">
        <head>VII.
<lb/></head>
        <p>On doit considérer que la Comédie est une tentation recherchée de gaieté de cœur; ce qui éloigne bien plus la grâce de Dieu, et le porte davantage à nous abandonner à notre propre corruption que celles où l’on tombe sans les prévoir. Il y a de la témérité, de l’orgueil et de l’impiété à se croire capable de résister sans la grâce aux tentations que l’on rencontre dans la Comédie et il y a de la présomption et de la folie à croire que Dieu nous délivrera toujours par sa grâce d’un danger, où nous nous exposons volontairement et sans nécessité.</p>
      </div>
      <div type="titre2">
        <head>VIII.
<lb/></head>
        <p>On se trompe fort en croyant que la Comédie ne fait aucune mauvaise impression sur soi parce que nous ne sentons point qu’elle excite en nous aucun mauvais désir. Il y a bien des degrés avant que d’en venir à une entière corruption d’esprit et de cœur ; et c’est toujours beaucoup nuire<pb n="283"/> à l’âme que de ruiner les remparts qui la mettaient à couvert des tentations. C’est beaucoup lui nuire que de l’accoutumer à regarder ces sortes d’objets sans horreur et avec quelque sorte de complaisance, et de lui faire croire qu’il y a du plaisir à aimer et à être aimé. L’aversion qu’elle en avait lui servait de dehors qui fermaient l’entrée au Diable; et quand ils sont ruinés par la Comédie, il y entre ensuite facilement. Il y a souvent longtemps que l’on commence à tomber quand on vient à s’en apercevoir. Les chutes de l’âme sont longues ; elles ont des préparations et des progrès, et il arrive souvent qu’on ne succombe à des tentations que parce qu’on s’est affaibli dans des occasions de peu d’ importance.</p>
      </div>
      <div type="titre2">
        <head>IX.
<lb/></head>
        <p>Que ceux donc qui ne sentent point que les Romans et les Comédies excitent dans leur esprit aucune de ces passions que l’on appréhende d’ordinaire, ne se croient pas pour <pb n="284"/>cela en sûreté, et qu’ils ne s’imaginent pas que ces lectures et ces spectacles ne leur aient fait aucun mal. La parole de Dieu, qui est la semence de la vie, et la parole du Diable, qui est la semence de la mort, ont cela de commun qu’elles demeurent souvent longtemps cachées dans le cœur sans produire aucun effet sensible. Dieu attache quelquefois le salut de certaines personnes à des paroles de vérité qu’il a semées dans leur âme vingt ans auparavant, et qu’il réveille quand il lui plaît, pour leur faire produire des fruits de vie: et le Diable se contente aussi quelquefois de remplir la mémoire de ces images, sans passer plus avant, et sans en former encore aucune tentation sensible ; mais ensuite, après un long temps, il les excite et les réveille sans même qu’on se souvienne comment elles y sont entrées, afin de leur faire porter des fruits de mort, <quote><hi rend="i">ut fructificent morti</hi></quote>, qui est l’unique but qu’il se propose en tout ce qu’il fait à l’égard des hommes. L’on peut donc dire à ceux qui se vantent <pb n="285"/>que la Comédie et les Romans n’excitent pas en eux la moindre mauvaise pensée, qu’ils attendent un peu ; que le Diable saura bien prendre son temps quand il en trouvera l’occasion favorable. Peut-être que les tenant à soi par d’autres liens, il néglige maintenant de se servir de ceux-là qui sont plus visibles ; mais s’il en a besoin pour les perdre, il ne manquera pas de les employer.</p>
      </div>
      <div type="titre2">
        <head>X.
<lb/></head>
        <p>Quand il serait vrai que la Comédie ne ferait aucun mauvais effet sur certains esprits, ils ne pourraient pourtant pas la prendre pour un divertissement innocent, ni croire qu’ils ne sont point coupables en y assistant. On ne joue point la Comédie pour une seule personne : c’est un spectacle que l’on expose à toutes sortes d’esprits, dont la plupart sont faibles et corrompus, et à qui par conséquent il est extrêmement dangereux. C’est leur faute, direz-vous, d’y assister en cet état. Il est vrai, <pb n="286"/>mais c’est aussi la vôtre, puisque vous contribuez à leur faire regarder la Comédie comme une chose indifférente. Plus vous êtes réglés dans vos autres actions, plus ils sont hardis à vous imiter en celle-là. Pourquoi, disent-ils, ferons-nous scrupule d’aller à la Comédie, puisque des gens qui font profession de piété y vont bien ? Vous participez donc à leur péché : et si la Comédie ne vous fait point de plaies par elle-même, vous vous en faites vous-même par celles que les autres reçoivent de votre exemple ; et ainsi vous êtes le plus coupable de tous. Les personnes du monde sur qui on ne prend point exemple, ne sont presque coupables que de leurs propres péchés : mais ceux qui veulent passer pour vertueux, et qui pratiquent en effet quelques bonnes œuvres, sont coupables de leurs propres péchés et de ceux des autres ; et non seulement ils perdent le mérite de leurs bonnes actions, mais ils les empoisonnent en quelque sorte, en les faisant servir à engager les autres dans le péché.<pb n="287"/></p>
      </div>
      <div type="titre2">
        <head>XI.
<lb/></head>
        <p>Dieu ne demande proprement des hommes que leur amour : mais aussi il le demande tout entier. Il n’y veut point de partage. Et comme il est leur souverain bien, il ne veut pas qu’ils s’attachent ailleurs, ni qu’ils trouvent leur repos dans aucune créature, parce que nulle créature n’est leur fin. La plénitude de la charité que nous devons à Dieu, dit saint Augustin, ne permet pas que l’on en laisse couler au-dehors aucun ruisseau. <quote><hi rend="i">Nullum rivum ducu extra patitur</hi></quote>. C’est pourquoi, quelque honnêteté qu’on se puisse imaginer dans l’amour d’une créature mortelle, cet amour est toujours vicieux et illégitime, lorsqu’il ne naît pas de l’amour de Dieu ; et il n’en peut naître lorsque c’est un amour de passion et d’attache, qui nous fait trouver notre joie et notre plaisir dans cette créature. Un Chrétien qui sait ce qu’il doit à Dieu, ne doit point souffrir dans son cœur aucun mouvement, ni aucune attache<pb n="288"/> de cette sorte sans la condamner, sans en gémir, et sans demander à Dieu d’en être délivré ; et il doit avoir une extrême horreur d’être lui-même l’objet de l’attache et de la passion de quelque autre personne, et d’être ainsi en quelque façon son idole; puisque l’amour est un culte qui n’est dû qu’à Dieu, comme Dieu ne peut être honoré que par l’amour. <quote><hi rend="i">Nec colitur nisi amando</hi></quote>. C’est ce qui fait voir qu’il y a une infinité de femmes qui, se croyant innocentes, parce qu’elles ont en effet quelque horreur des vices grossiers, ne laissent pas d’être très criminelles devant Dieu, parce qu’elles sont bien aises de tenir dans le cœur des hommes une place qui n’appartient qu’à Dieu seul. Elles ne prennent plaisir d’être l’objet de leur passion : elles sont bien aises qu’on s’attache à elles, qu’on les regarde avec des sentiments non seulement d’estime, mais de tendresse ; et elles souffrent sans peine qu’on la leur témoigne par ce langage profane que l’on appelle cajolerie. C’est <pb n="289"/>pourquoi, quelque soin que l’on prenne de séparer de la Comédie et des Romans ces images des dérèglements honteux, l’on n’en ôtera jamais le danger, puisque l’on y voit toujours une vive représentation de cette attache passionnée des hommes envers les femmes, qui ne peut être innocente; et que l’on n’empêchera jamais que les femmes ne s’y remplissent du plaisir qu’il y a d’être aimées et d’être adorées d’un homme ; ce qui n’est pas moins dangereux, ni moins contagieux pour elles que les images des désordres visibles et criminels.</p>
      </div>
      <div type="titre2">
        <head>XI.
<lb/></head>
        <p>Les Comédies et les Romans n’excitent pas seulement les passions, mais elles enseignent aussi le langage des passions; c’est-à-dire l’art de s’en exprimer et de les faire paraître d’une manière agréable et ingénieuse, ce qui n’est pas un petit mal. Il y a bien des gens qui étouffent de mauvais desseins, parce qu’ils manquent <pb n="290"/>d’adresse pour s’en expliquer: et il arrive aussi quelquefois que des personnes sans être touchées de passion, et voulant simplement faire paraître leur esprit, se trouvent ensuite insensiblement engagées dans les passions qu’elles ne faisaient au commencement que contrefaire.</p>
      </div>
      <div type="titre2">
        <head>XII.
<lb/></head>
        <p>Le plaisir de la Comédie est un mauvais plaisir, parce qu’il ne vient ordinairement que d’un fond de corruption, qui est excité en nous par les choses que l’on y voit. Et pour en être convaincu, il ne faut que considérer, que lorsque nous avons une extrême horreur pour une action, on ne prend point de plaisir à la voir représenter : et c’est ce qui oblige les Poètes de dérober à la vue des spectateurs tout ce qui leur peut causer cette horreur. Quand on ne sent donc pas la même aversion pour les folles amours, et les autres dérèglements qu’on représente dans les Comédies, et qu’on prend plaisir à les <pb n="291"/>regarder, c’est une marque qu’on ne les hait pas, et qu’il s’excite en nous je ne sais quelle inclination pour ces vices, qui naît de la corruption de notre cœur. Si nous avions l’idée du vice dans sa naturelle difformité, nous ne pourrions pas en souffrir l’image. C’est pourquoi un des plus grands poètes de ce temps remarque qu’une de ses plus belles pièces n’a pas été agréable sur le Théâtre, parce qu’elle frappait l’esprit des spectateurs de l’idée horrible d’une prostitution à laquelle une sainte Martyre avait été condamnée. Mais ce qu’il tire de là pour justifier la Comédie, qui est que le Théâtre est maintenant si chaste que l’on n’y saurait souffrir les objets déshonnêtes, est ce qui la condamne manifestement. Car on peut apprendre de cet exemple que l’on approuve en quelque sorte tout ce que l’on souffre et que l’on voit avec plaisir sur le Théâtre; puisqu’on ne peut souffrir ce que l’on a en horreur. Et par conséquent y ayant encore tant de corruptions, et de <pb n="292"/>passions vicieuses dans les Comédies les plus innocentes, c’est une marque qu’on ne hait pas ces dérèglements, puisqu’on prend plaisir à les voir représenter.</p>
      </div>
      <div type="titre2">
        <head>XIII.
<lb/></head>
        <p>C’est encore un très grand abus, et qui trompe beaucoup de monde, que de ne considérer point d’autres mauvais effets dans ces représentations, que celui de donner des pensées contraires à la pureté, et de croire ainsi qu’elles ne nous nuisent point, lorsqu’elles ne nous nuisent point en cette manière : comme s’il n’y avait point d’autres vices que celui-là, et que nous n’en fussions pas aussi susceptibles. Cependant si l’on considère les Comédies de ceux qui ont le plus affecté cette honnêteté apparente, on trouvera qu’ils n’ont évité de représenter des objets entièrement déshonnêtes, que pour en peindre d’autres aussi criminels, et qui ne sont guère moins contagieux. Toutes leurs pièces ne sont que de vives <pb n="293"/>représentationsdes passions d’orgueil, d’ambition, de jalousie, de vengeance, et principalement de cette vertu Romaine, qui n’est autre chose qu’un furieux amour de soi-même. Plus ils colorent ces vices d’une image de grandeur et de générosité, plus ils les rendent dangereux et capables d’entrer dans les âmes les mieux nées ; et l’imitation de ces passions ne nous plaît que parce que le fond de notre corruption excite en même temps un mouvement tout semblable, qui nous transforme en quelque sorte, et nous fait entrer dans la passion qui nous est représentée.</p>
      </div>
      <div type="titre2">
        <head>XIV.
<lb/></head>
        <p>Il est si vrai que la Comédie est presque toujours une représentation de passions vicieuses, que la plupart des vertus chrétiennes sont incapables de paraître sur le Théâtre. Le silence, la patience, la modération, la sagesse, la pauvreté, la pénitence ne sont pas des vertus dont la représentation puisse divertir des spectateurs ; <pb n="294"/>et surtout on n’y entend jamais parler de l’humilité, ni de la souffrance des injures. Ce serait un étrange personnage de Comédie qu’un Religieux modeste et silencieux. Il faut quelque chose de grand et d’élevé selon les hommes, ou du moins quelque chose de vif et d’animé; ce qui ne se rencontre point dans la gravité et dans la sagesse chrétiennes. Et c’est pourquoi ceux qui ont voulu introduire des Saints et des Saintes sur le Théâtre ont été contraints de les faire paraître orgueilleux, et de leur mettre dans la bouche des discours plus propres à ces héros de l’ancienne Rome, qu’à des Saints et à des Martyrs. Il faut aussi que la dévotion de ces Saints de Théâtre soit toujours un peu galante. C’est pourquoi la disposition au Martyre n’empêche pas la Théodore de Monsieur de Corneille de parler en ces termes.</p>
        <quote><hi rend="i">
          <l>Si mon âme à mes sens était abandonnée,</l>
          <l>Et se laissait conduire à ces impressions,</l>
          <l>Que forment en naissant les belles passions.<pb n="295"/></l></hi>
        </quote>
        <p>Et l’humilité de théâtre souffre qu’elle réponde de cette sorte en un autre endroit :</p>
        <quote><hi rend="i">
          <l>Cette haute puissance à ses vertus rendue,</l>
          <l>L’égale presque aux rois dont je suis descendue ;</l>
          <l>Et si Rome et le temps m’en ont ôté le rang,</l>
          <l>Il m’en demeure encor le courage et le sang.</l>
          <l>Dans mon sort ravalé je sais vivre en Princesse,</l>
          <l>Je fuis l’ambition, mais je hais la faiblesse.</l>
        </hi></quote>
      </div>
      <div type="titre2">
        <head>XV.
<lb/></head>
        <p>Les affections communes ne sont pas même propres pour donner le plaisir qu’on recherche dans les Comédies; et il n’y aurait rien de plus froid qu’un mariage chrétien dégagé de passion de part et d’autre. Il faut toujours qu’il y ait du transport, que la jalousie y entre, que la volonté des parents se trouve contraire, et qu’on se serve<pb n="296"/> d’intrigues pour faire réussir ses desseins. Ainsi l’on montre le chemin à celles qui seront possédées de la même passion, de se servir des mêmes adresses pour arriver à la même fin.</p>
      </div>
      <div type="titre2">
        <head>XVI.
<lb/></head>
        <p>Le but même de la Comédie engage les Poètes à ne représenter que des passions vicieuses. Car la fin qu’ils se proposent est de plaire aux spectateurs, et ils ne leur sauraient plaire qu’en mettant dans la bouche de leurs Acteurs des paroles et des sentiments conformes à ceux des personnes qu’ils font parler, ou à qui ils parlent. Or on ne représente guère que des méchants, et on ne parle que devant des personnes du monde, qui ont le cœur et l’esprit corrompus par des passions déréglées et de mauvaises maximes.</p>
      </div>
      <div type="titre2">
        <head>XVII.
<lb/></head>
        <p>Les gens du monde, spectateurs ordinaires des Comédies, ont trois pentes principales. Ils sont pleins de <pb n="297"/>concupiscence, pleins d’orgueil, et pleins d’estime pour la générosité humaine, qui n’est autre chose qu’un orgueil déguisé. Ainsi les Poètes, qui pour leur plaire doivent s’accommoder à ces inclinations, sont obligés de faire en sorte que leurs pièces roulent toujours sur ces trois passions, et de les remplir ainsi d’amours, de sentiments d’orgueil, et des maximes de l’honneur humain. C’est ce qui fait qu’il n’y a rien de plus pernicieux que la Morale Poétique et Romanesque, parce que ce n’est qu’un amas des fausses opinions qui naissent de ces trois sources, et qui ne sont agréables qu’en ce qu’elles flattent les inclinations corrompues des lecteurs, ou des spectateurs. Et c’est de là que vient le plaisir que l’on prend à ces vers, qu’un grand Poète de ce temps met en la bouche d’un jeune homme après avoir tué en duel celui qui avait outragé son père.</p>
        <quote><hi rend="i">
          <l>Car enfin n’attends pas de mon affection</l>
          <l>Un lâche repentir d’une bonne action.</l>
          <l>Tu sais comme un soufflet touche un homme de cœur.</l><pb n="298"/>
          <l>J’avais part à l’affront, j’en ai cherché l’auteur.</l>
          <l>Je l’ai vu, j’ai vengé mon honneur et mon père.</l>
          <l>Je le ferais encor, si j’avais à le faire.</l></hi>
        </quote>
        <p>C’est par la même corruption d’esprit qu’on entend sans peine ces horribles sentiments d’une personne qui veut se battre en duel contre son ami, parce qu’on le croyait auteur d’une chose, dont il le jugeait lui-même innocent.</p>
        <quote>
          <l>C’est peu pour négliger un devoir si pressant,</l>
          <l>Que mon cœur en secret vous déclare innocent.</l>
          <l>A l’erreur du public c’est peu qu’il se refuse.</l>
          <l>Vous êtes criminel dès là qu’on vous accuse.</l>
          <l>Et mon honneur blessé sait trop ce qu’il se doit</l>
          <l>Pour ne vous pas punir de ce que l’on en croit.</l>
          <l>Telle est de mon honneur l’impitoyable loi,</l>
          <l>Lorsqu’un ami l’arrête, il n’a d’yeux que pour soi;</l><pb n="299"/>
          <l>Et dans ses intérêts toujours inexorable,</l>
          <l>Veut le sang le plus cher au défaut du coupable.</l>
        </quote>
        <p>On écoute avec plaisir ces paroles barbares d’un père à un fils, à qui il donne charge de le venger.</p>
        <quote><hi rend="i">
          <l>Va contre un arrogant éprouver ton courage.</l>
          <l>Ce n’est que dans le sang qu’on lave un tel outrage.</l>
          <l>Meurs ou tue.</l></hi>
        </quote>
        <p>Et cependant en les considérant ces sentiments selon la raison, il n’y a rien de plus détestable. Mais on croit qu’il est permis aux Poètes de proposer les plus damnables maximes pourvu qu’elles soient conformes au caractère de leurs personnages.</p>
      </div>
      <div type="titre2">
        <head>XVIII.
<lb/></head>
        <p>Il ne faut pas s’imaginer que ces méchantes maximes dont les Comédies sont pleines ne nuisent point; parce qu’on n’y va pas pour former ses sentiments, mais pour se divertir: car elles ne laissent pas de faire leurs impressions <pb n="300"/>sans qu’on s’en aperçoive ; et un Gentilhomme sentira plus vivement un affront, et se portera plus facilement à s’en venger par la voie criminelle qui était ordinaire en France, lorsqu’il aura ouï réciter ces Vers:</p>
        <quote><hi rend="i">
          <l>Mourir sans tirer ma raison :</l>
          <l>Rechercher un trépas si mortel à ma gloire ;</l>
          <l>Endurer que l’Espagne impute à ma mémoire</l>
          <l>D’avoir mal soutenu l’honneur de ma maison;</l>
          <l>N’écoutons plus ce penser suborneur.</l></hi>
        </quote>
        <p>Et la raison en est que les passions ne s’excitent pas seulement par les objets, mais aussi par les fausses opinions dont l’esprit est prévenu. L’opinion que la chimère de l’honneur est un si grand bien qu’il le faut conserver aux dépens même de la vie, est ce qui a produit si longtemps la rage brutale des Gentilshommes de France. Si l’on ne parlait jamais de ceux qui se battent en duel, que comme des gens insensés et ridicules, comme ils le sont en effet ; si l’on ne représentait <pb n="301"/>jamais ce fantôme d’honneur qui est leur idole, que comme une chimère et une folie ; si l’on avait soin de ne former jamais d’image de la vengeance que comme d’une action basse et pleine de lâcheté; les mouvements que sentirait une personne offensée seraient infiniment plus lents. Mais ce qui les rend plus vifs, c’est la fausse impression qu’il y a de la lâcheté à souffrir une injure. Or on ne peut nier que les Comédies, qui sont toutes pleines de ces mauvaises maximes, ne contribuent beaucoup à fortifier cette impression; parce que l’esprit y étant transporté et tout hors de soi, au lieu de corriger ces sentiments s’y abandonne sans résistance, et met son plaisir à sentir les mouvements qu’ils inspirent, ce qui le dispose à en produire de semblables dans l’occasion.</p>
      </div>
      <div type="titre2">
        <head>XIX.
<lb/></head>
        <p>Ce qui rend encore plus dangereuse l’image des passions que les Comédies nous proposent, c’est que les Poètes pour les rendre agréables sont <pb n="302"/>obligés, non seulement de les représenter d’une manière fort vive, mais aussi de les dépouiller de ce qu’elles ont de plus horrible, et de les farder tellement par l’adresse de leur esprit, qu’au lieu d’attirer la haine et l’aversion des spectateurs, elles attirent au contraire leur affection. De sorte qu’une passion qui ne pourrait causer que de l’horreur si elle était représentée telle qu’elle est, devient aimable par la manière ingénieuse dont elle est exprimée. C’est ce qu’on peut voir dans ces Vers, où la rage de la sœur d’Horace est représentée.</p>
        <quote><hi rend="i">
          <l>Oui je lui ferai voir par d’infaillibles marques,</l>
          <l>Qu’un véritable amour brave la main des Parques,</l>
          <l>Et ne prend point de loi de ces cruels tyrans,</l>
          <l>Qu’un sort injurieux nous donne pour parents.</l>
          <l>Tu blâmes ma douleur, tu l’oses nommer lâche ;</l>
          <l>Je l’aime d’autant plus que plus elle te fâche.</l><pb n="303"/>
          <l>Impitoyable père, et par un juste effort,</l>
          <l>Je la veux rendre égale aux rigueurs de mon sort.</l></hi>
        </quote>
        <p>Et ensuite parlant à son frère, elle fait cette horrible imprécation contre sa patrie :</p>
        <quote><hi rend="i">
          <l>Rome l’unique objet de mon ressentiment,</l>
          <l>Rome à qui vient ton bras d’immoler mon amant,</l>
          <l>Rome qui t’a vu naître, et que ton cœur adore,</l>
          <l>Rome enfin que je hais, parce qu’elle t’honore.</l>
          <l>Puissent tous ses voisins ensemble conjurés</l>
          <l>Saper ses fondements encor mal assurés.</l>
          <l>Et si ce n’est assez de toute l’Italie,</l>
          <l>Que l’Orient contre elle à l’Occident s’allie.</l>
          <l>Que cent peuples unis du bout de l’univers,</l>
          <l>Passent pour la détruire et les monts et les mers.</l>
          <l>Qu’elle-même sur soi renverse ses murailles,</l><pb n="304"/>
          <l>Et de ses propres mains déchire ses entrailles.</l>
          <l>Que le courroux du Ciel, allumé par mes vœux,</l>
          <l>Fasse pleuvoir sur elle un déluge de feux.</l>
          <l>Puis-je de mes yeux voir tomber cette foudre,</l>
          <l>Voir ses maisons en cendre, et tes lauriers en poudre;</l>
          <l>Voir le dernier Romain en son dernier soupir,</l>
          <l>Moi seule en être cause, et mourir de plaisir.</l></hi>
        </quote>
        <p>Si l’on dépouille l’image de cette passion de tout le fard que le Poète y prête; et qu’on la considère par la raison, on ne saurait s’imaginer rien de plus détestable que la furie de cette fille insensée, à qui une folle passion fait violer toutes les lois de la nature. Cependant cette même disposition d’esprit, si criminelle en soi, n’a rien d’horrible lorsqu’elle est revêtue de ces ornements: et les spectateurs sont plus portés à aimer cette furieuse qu’à la haïr. On s’est servi à dessein de ces <pb n="305"/>exemples, parce qu’ils sont moins dangereux à rapporter. Mais il est vrai que les Poètes pratiquent cet artifice de farder les vices en des sujets beaucoup plus pernicieux que celui-là. Et si l’on considère presque toutes les Comédies et tous les Romans, on n’y trouvera guère autre chose que des passions vicieuses embellies et colorées d’un certain fard qui les rend agréables aux gens du monde. Que s’il n’est pas permis d’aimer les vices, peut-on prendre plaisir aux choses qui ont pour but de les rendre aimables ?</p>
      </div>
      <div type="titre2">
        <head>XX.
<lb/></head>
        <p>Le Chrétien ayant renoncé au monde, à ses pompes et à ses plaisirs, ne peut pas rechercher le plaisir pour le plaisir, ni le divertissement pour le divertissement. Il faut afin qu’il en puisse user sans péché, qu’il lui soit nécessaire en quelque manière, et que l’on puisse dire véritablement qu’il s’en sert avec la modération de celui qui en use, et non avec la passion de celui qui l’aime :<pb n="306"/> <quote><hi rend="i">Utentis modestia ? Non amantis affectu</hi></quote>. Or comme la seule utilité du divertissement est de renouveler les forces de l’esprit et du corps, lorsqu’elles sont abattues par le travail; il est clair qu’il n’est permis de se divertir tout au plus que comme il est permis de manger.</p>
        <p>Il est aisé de conclure de là que ce n’est point une vie Chrétienne, mais une vie brutale et païenne, de passer la plus grande partie de son temps dans le divertissement; puisque le divertissement n’est pas permis pour soi-même, mais seulement pour rendre l’âme plus capable de travail. Car si personne ne doute que ce ne fût une vie très criminelle que celle d’un homme qui ne ferait que manger, et qui serait à table depuis le matin jusqu’au soir, ce que le Prophète condamne par ces paroles : <quote><hi rend="i">Vae qui consurgitis mane ad ebrietatem sectandam, et potandum usque ad vesperam</hi></quote>; il est facile de voir que ce n’est pas moins abuser de la vie que Dieu nous a donnée pour le servir, que <pb n="307"/>de la passer toute dans ce qu’on appelle divertissement ; puisque le mot même nous avertit qu’on ne le doit rechercher que pour nous divertir, et nous distraire des pensées et des occupations laborieuses, qui causent dans l’âme une espèce de lassitude qu’on a besoin de réparer.</p>
        <p>Cela suffit pour condamner la plupart de ceux qui vont à la Comédie. Car il est visible qu’ils n’y vont pas pour se délasser l’esprit des occupations sérieuses; puisque ces personnes, et particulièrement les femmes du monde ne s’occupent presque jamais sérieusement. Leur vie n’est qu’une vicissitude de divertissements. Elles la passent toute dans les visites, dans le jeu, dans le bal, dans les promenades, dans les festins, dans les Comédies. Que si elles ne laissent pas de s’ennuyer, comme elles font souvent, c’est parce qu’elles ont trop de divertissement, et trop peu d’occupations sérieuses. Leur ennui est un dégoût de satiété, pareil à celui de ceux qui ont trop mangé; et il <pb n="308"/>doit être guéri par l’abstinence, et non pas par le changement des plaisirs. Elles se doivent divertir en s’occupant, puisque la fainéantise et l’oisiveté sont la principale cause de leur ennui.</p>
      </div>
      <div type="titre2">
        <head>XXI.
<lb/></head>
        <p>Il s’ensuit de là que tous ceux qui n’ont point besoin de divertissement, c’est-à-dire que la plupart de ceux qui vont à la Comédie, ne le peuvent faire sans péché; quand il n’y aurait point d’autre raison de la croire défendue. Mais il ne s’ensuit pas que ceux qui ont véritablement besoin de se délasser l’esprit puissent y aller sans péché, parce que la Comédie ne peut passer pour un divertissement, ne pouvant avoir l’effet qu’il est permis d’y chercher. Car le Chrétien ne peut rechercher qu’un simple délassement d’esprit, qui le rende plus capable d’agir Chrétiennement, et dans des dispositions Chrétiennes. Or tant s’en faut que la Comédie y puisse servir, qu’il n’y a rien qui rende <pb n="309"/>l’âme plus mal disposée, non seulement aux principales occupations Chrétiennes, comme la prière, mais aux actions mêmes les plus communes, lorsqu’on les veut faire dans un esprit de Chrétien, c’est-à-dire recueilli et attentif à Dieu, qu’il faut tâcher, autant que l’on peut, de conserver dans les actions extérieures; ainsi comme le besoin que nous avons de manger ne fait pas qu’il nous soit permis de manger des viandes qui ne servent qu’à affaiblir le corps; de même le besoin de se divertir ne peut excuser ceux qui cherchent des divertissements qui ne font que rendre leur esprit moins propre à agir Chrétiennement.</p>
      </div>
      <div type="titre2">
        <head>XXII.
<lb/></head>
        <p>Non seulement la Comédie et les Romans rendent l’esprit mal disposé pour toutes les actions de Religion et de piété, mais ils le dégoûtent en quelque manière de toutes les actions sérieuses et communes. Comme on n’y représente que des galanteries <pb n="310"/>ou des aventures extraordinaires, et que les discours de ceux qui y parlent sont assez éloignés de ceux dont on use dans la vie commune;on y prend insensiblement une disposition d’esprit toute de Roman; on se remplit la tête de Héros et d’Héroïnes ; et les femmes principalement prenant plaisir aux adorations qu’on y rend à celles de leur sexe, dont elles voient l’image et la pratique dans les compagnies de divertissement, où de jeunes gens leur débitent ce qu’ils ont appris des Romans, et les traitent en Nymphes et Déesses, s’impriment tellement dans la fantaisie cette sorte de vie, que les petites affaires de leur ménage leur deviennent insupportables. Et quand elles reviennent dans leurs maisons avec cet esprit évaporé et tout plein de ces folies, elles y trouvent tout désagréable, et surtout leurs maris qui, étant occupés de leurs affaires, ne sont pas toujours en humeur de leur rendre ces complaisances ridicules, qu’on rend aux femmes dans les Comédies et dans les Romans.</p>
      </div>
      <div type="titre2">
        <head>XXIII.<pb n="311"/>
<lb/></head>
        <p>La nécessité que nous avons de réparer la défaillance de nos corps par la nourriture, ne peut pas servir d’excuse pour manger volontairement des viandes qui imprimeraient une qualité venimeuse, qui troubleraient les humeurs, et y causeraient une intempérie; parce que cette sorte de nourriture serait contraire à la fin du manger, qui est de conserver la vie du corps. Ainsi le besoin que l’on a de se délasser quelquefois, ne peut pas excuser ceux qui prennent la Comédie pour un divertissement, puisqu’elle imprime, comme nous avons déjà dit, de mauvaises qualités dans l’esprit, qu’elle excite les passions, et dérègle toute l’âme.</p>
      </div>
      <div type="titre2">
        <head>XXIV.
<lb/></head>
        <p>Le besoin que les hommes ont de se divertir est beaucoup moindre que l’on ne croit; et il consiste plus en imagination ou en coutume, qu’en une nécessité réelle. Ceux qui sont <pb n="312"/>occupés aux travaux extérieurs n’ont besoin que d’une simple cessation de leur travail. Ceux qui sont employés dans des affaires pénibles à l’esprit, et peu laborieuses pour le corps, ont besoin de se recueillir de la dissipation qui naît naturellement de ces sortes d’emplois, et non pas de se dissiper encore davantage par des divertissements qui attachent fortement l’esprit. C’est une moquerie de croire qu’on ait besoin de passer trois heures dans une Comédie à se remplir l’esprit de folies. Les hommes de ce temps-ci n’ont pas l’esprit autrement fait que ceux du temps de S. Louis, qui s’en passaient bien, puisqu’il chassa les Comédiens de son Royaume. Ceux qui sentent en eux ce besoin, le doivent considérer non comme une faiblesse naturelle, mais comme un vice d’accoutumance, qu’il faut guérir en s’occupant sérieusement. Un homme qui a bien travaillé est satisfait quand il cesse de travailler, et il se divertit à tout ce qui le désoccupe. La Comédie n’est <pb n="313"/>nécessaire qu’à ceux qui se divertissent toujours, et qui tâchent de remédier au dégoût qui accompagne naturellement la continuation des plaisirs. Et comme cette nécessité ne vient que de leur mauvaise disposition qu’ils sont obligés de corriger; on peut dire qu’elle n’est nécessaire à personne, et qu’elle est dangereuse à tout le monde.</p>
      </div>
      <div type="titre2">
        <head>XXV.
<lb/></head>
        <p>Mais il n’y a rien qui fasse mieux voir le danger de la Comédie, et combien elle est défendue aux Chrétiens, que l’opposition qu’elle a avec les principales dispositions dans lesquelles ils doivent tâcher de s’établir, et auxquelles ils doivent tendre, quoiqu ‘ils en soient encore éloignés par la faiblesse de leur vertu. La première est la prière continuelle, dont l’Apôtre fait un commandement exprès par ces paroles : <quote><hi rend="i">Sine intermissione orate</hi></quote>. <hi rend="i"><hi rend="small-caps">Priez</hi> sans discontinuation. Et Jésus-Christ par celles-ci:</hi> <quote><hi rend="i">Vigilate et orate ne intretis in <pb n="314"/>tentationem</hi></quote>. <hi rend="i"><hi rend="small-caps">Veillez</hi> et priez, afin que vous ne succombiez pas à la tentation.</hi> Car les tentations étant en quelque sorte continuelles, la prière, qui en est le remède, le doit être aussi.</p>
        <p>Il est vrai que cette continuité de la prière ne peut consister dans une attention perpétuelle de l’esprit à Dieu, et qu’il suffit qu’elle demeure quelquefois dans un simple désir que Dieu y connaît: mais il est certain que ce désir s’éteint facilement, si l’on n’a soin de le nourrir par des prières actuelles, et par la méditation des choses divines.</p>
        <p>C’est pourquoi les Chrétiens ne pouvant passer toute leur vie dans l’acte de la prière, sont obligés au moins de se renouveler de temps en temps devant Dieu : et comme c’est par ces prières actuelles qu’ils entretiennent celle qui doit être toujours dans le fond de leur cœur; ils doivent éviter avec un grand soin tout ce qui peut rendre ces prières indignes d’être présentées devant la Majesté divine,<pb n="315"/> ce qui les oblige non seulement d’éviter les distractions qui leur surviennent dans la prière, mais beaucoup plus les sources de distractions qui remplissant l’âme de folles pensées, la rendent incapable de s’appliquer à Dieu.</p>
        <p>Cela suffit pour obliger tous ceux qui ont quelque soin de leur salut de fuir les Comédies, le Bal et les Romans, parce qu'il n’y a rien au monde qui fasse plus sortir l’âme hors de soi, qui la rende plus incapable de s'appliquer à Dieu, et qui la remplisse davantage de vains fantômes. Ce sont d’étranges prières que celles que l’on fait en sortant de ces spectacles, ou de ces lectures, ayant la tête pleine de toutes les folies qu’on y a vues. L’on ne se peut pas procurer à soi-même l’esprit de prière, ni cette sainte ardeur qui s’excite quand il est plaît à Dieu par la méditation : <quote><hi rend="i">Et in meditatione mea exardescet ignis</hi></quote>. Mais le moins que l’on puisse faire, est de n’y mettre pas d’obstacle et d’empêchement en faisant volontairement ce <pb n="316"/>qui est directement contraire à cet esprit.</p>
      </div>
      <div type="titre2"> 
        <head>XXVI.
        <lb/></head>
        <p>Dieu pardonne aisément les distractions qui naissent de la fragilité de la nature, mais il ne fait pas le même de celles qui sont volontaires dans leur source, telles que sont celles que la Comédie produit. C’est pourquoi il y a sujet de craindre que toutes les prières des gens du monde qui sont pleines de ces sortes de distractions, ne soient plus capables d’irriter Dieu que de l’apaiser, et qu’elles ne soient du nombre de celles dont le Prophète dit : <quote><hi rend="i">Et oratio ejus fiat in peccatum. </hi></quote><hi rend="i">Que son oration lui soit imputèe à péché.</hi> Que si leurs prières qui doivent attirer l'esprit de Dieu  sur tout le corps de leurs œuvres sont elles-mêmes souillées, que doit-on juger de tout le reste de leurs actions ? <quote><hi rend="i">Si lumen quod in te est, tenebrae sunt, ipsae tenebrae quantae erunt ?</hi></quote></p><pb n="317"/>
      </div>
      <div type="titre2"> 
        <head>XXVII.
          <lb/></head>
        <p>Une des principales parties de la piété, et un des principaux moyens de la conserver, est d’aimer la parole de Dieu, et d’y trouver sa consolation. C’est par le sentiment de la douceur que le Prophète avait éprouvée dans cette nourriture spirituelle, qu’il dit à Dieu : <quote><hi rend="i">Inventi sunt sermones tui, et comedi eos, et factum est verbum tuum in gaudium et in leatitiam cordis mei</hi></quote>. <hi rend="i">J’ai trouvé vos paroles, et je m’en suis nourri, et elles ont rempli mon cœur de joie et d’allégresse.</hi> C’est cette consolation divine, qui entretient notre espérance, selon saint Paul, et qui nous soutient dans les traverses de cette vie. Or l’expérience peut faire connaître à tout le monde, que rien n’éteint davantage la joie spirituelle que l’on ressent dans la lecture de la parole de Dieu, que les joies séculières et sensuelles, et principalement celles de la Comédie. Ces deux joies sont entièrement incompatibles. Ceux <pb n="318"/>qui se plaisent dans la Comédie, ne se peuvent plaire dans la vérité ; et ceux qui trouvent leur plaisir dans la vérité n’ont que du dégoût pour ces sortes de plaisirs. C’est pourquoi ce même Prophète à qui Dieu avait donné ce goût spirituel pour sa parole, témoigne incontinent après qu’il ne pouvait souffrir les assemblées de jeux et de divertissements; et qu’il mettait toute sa gloire et toute sa joie à considérer les merveilles des ouvrages de Dieu : <quote><hi rend="i">Non sedi cum concilio ludentium, et gloriatus sum a facie manus tuae</hi></quote>. Et le saint Roi David, qui avait aussi goûté la douceur de la loi divine témoigne de même le mépris qu’elle lui faisait concevoir de tous les vains discours, des gens du monde : <quote><hi rend="i">Narraverunt mihi iniqui fabulationes, sed non ut lex tua</hi></quote>. C’est le sentiment que le S. Esprit inspire à tous ceux à qui il donne de l’amour pour sa sainte parole. Tous ces divertissements, qui sont si agréables à ceux qui aiment le monde leur sont une viande fade, dont ils ne sauraient <pb n="319"/>manger; parce qu’ils n’y voient que du vide, du néant, de la vanité et de la folie, et qu’ils n’y trouvent point le sel de la vérité et de la sagesse; ce qui leur fait dire avec Job, qu’ils n’en sauraient goûter : <quote><hi rend="i">An poterit comedi insulsum quod non est sale conditum</hi></quote> ? <hi rend="i">Qui pourrait manger de cette viande qui n’a point de sel ?</hi></p>
        <p>Mais si l’âme au contraire s’abandonne à ces faux plaisirs, elle perd incontinent le goût des spirituels, et ne trouve que du dégoût dans la parole de Dieu. Ce sont ces raisins verts dont le Prophète dit, qu’ils agacent et engourdissent les dents de ceux qui en mangent : <quote><hi rend="i">Omnis homo qui comedit uvam acerbam, obstupescent dentes ejus</hi></quote>. C’est-à-dire, selon l’explication de S. Grégoire, que lorsqu’on se repaît des vaines joies du monde, les sens spirituels deviennent engourdis, et incapables de goûter et d’entendre les choses de Dieu. <quote><hi rend="i">Qui praesentis mundi delectatione pascitur, interni ejus sensus ligantur, ut jam <pb n="320"/>spiritualia mandere et intelligere non valeant</hi></quote>. Or entre les joies du monde qui éteignent l’amour de la parole de Dieu, on peut dire que la Comédie et les Romans tiennent le premier rang, parce qu’il n’y a rien de plus opposé à la vérité, et que l’esprit de Dieu, comme dit S. Bernard, étant un esprit de vérité, ne peut avoir de part avec la vanité du monde.  <quote><hi rend="i">Sed nec erit ei unquam pars cum mundi vanitate, cum veritatis sit spiritus.</hi></quote></p>
      </div>
      <div type="titre2">
        <head>XXVIII.
        <lb/></head>
        <p>Dieu ne nous impute pas les froideurs qui viennent de la soustraction de ses lumières, ou simplement de la pesanteur du corps; mais il nous impute sans doute celles auxquelles nous avons contribué par notre négligence, et nos vains divertissements. Il veut que nous n’estimions rien tant que le don précieux qu’il nous a fait de son amour, et que nous ayons soin de l’entretenir en lui donnant de la nourriture. C’est le commandement <pb n="321"/>qu’il a fait à tous les Chrétiens en la personne des Prêtres de l’ancienne loi, auxquels il ordonne d’entretenir toujoursg le feu sur l’autel, et d’avoir soin d’y mettre tous les jours du bois le matin.<quote><hi rend="i"> Ignis in altari semper ardebit, quem nutriet sacerdos subjiciens mane ligna per singulos dies</hi></quote>. Cet autel est le cœur de l’homme: et chaque Chrétien est le Prêtre qui doit avoir soin de nourrir sur l’autel de son cœur le feu de la charité, en y mettant tous les jours du bois, c’est-à-dire, en l’entretenant par la méditation des choses de Dieu, et par les exercices de piété. Or si ceux qui vont à la Comédie ont encore quelque sentiment de piété, ils ne peuvent désavouer qu’elle n’éteigne et n’amortisse entièrement la dévotion. Et ainsi ils ne doivent point douter que Dieu ne les juge très coupables d’avoir fait si peu d’état de son amour, qu’au lieu de le nourrir et de tâcher de l’augmenter, ils n’aient point craint de l’éteindre par leurs vains divertissements, et qu’il <pb n="322"/>ne leur impute comme un grand péché le refroidissement, ou la perte de leur charité. Car si la dissipation des biens du monde et de l’or terrestre, par le jeu et par le luxe, n’est pas un petit péché; que doit-on juger de la dissipation des biens de la grâce, et de cet or enflammé dont parle l’Ecriture, que nous devrions acheter par la perte de tous les biens et de tous les plaisirs de la vie ?</p>
      </div>
      <div type="titre2">
        <head>XXIX.
        <lb/></head>
        <p>Les Pères blâment comme une témérité dangereuse la conduite de ceux qui n’étant pas encore bien affermis dans l’amour de Dieu, s’emploient avec trop d’ardeur dans les bonnes oeuvres extérieures sous prétexte de charité; parce qu’il est difficile que l’esprit ne se dissipe beaucoup dans ces exercices : <quote><hi rend="i">In terrenis quippe actibus, <seg type="exquote">dit saint Grégoire,</seg> valde frigescit animus, si necdum fuerit per intima dona solidatus</hi></quote>. <hi rend="i">Si l’âme n’est fortifiée et affermie dans la vie intérieure par la grâce, elle se refroidit <pb n="323"/>beaucoup dans les occupations terrestres et séculières.</hi> Quel jugement aurait-il donc fait de ceux qui, étant encore faibles, ne font pas néanmoins difficulté d’aller à la Comédie, qui dissipe plus l’esprit que les plus grandes occupations, et ne peut être excusée, ni par la charité, ni par le zèle, puisqu’on n’y recherche que le plaisir ?</p>
      </div>
      <div type="titre2">
        <head>XXX.
<lb/></head>
        <p>Personne n’approuverait sans doute qu’un Chartreux allât à la Comédie, parce que tout le monde voit assez l’extrême disproportion de ce divertissement avec la vie sainte dont il fait profession. Mais on n’est pas choqué de même de ce que plusieurs Chrétiens ne font pas difficulté d’y aller; parce qu’on ne connaît pas la sainteté à laquelle ils sont obligés par le vœu de leur Baptême. On ne considère pas, comme dit saint Paulin, que par la grâce de ce sacrement ils ont été ensevelis avec Jésus-Christ, qu’ils ont fait vœu d’embrasser <pb n="324"/>sa Croix, de n’être plus vivants à eux-mêmes ni au monde, mais de faire vivre Jésus-Christ en eux. On ne considère pas que la vie Chrétienne doit être non seulement une imitation, mais une continuation de la vie de Jésus-Christ; puisque c’est son esprit qui doit agir en eux, et par eux, en imprimant dans leur cœur les mêmes sentiments qu’il a imprimés dans celui de Jésus-Christ. Si on regardait la vie Chrétienne par cette vue, on connaîtrait aussitôt combien la Comédie y est opposée ; et il ne faudrait point de raisons pour en convaincre ceux qui seraient persuadés de ces vérités capitales de notre Religion, comme il n’en faut point pour convaincre un Chartreux instruit dans sa règle, que ces divertissements profanes lui sont défendus.</p>
      </div>
      <div type="titre2">
        <head>XXXI.
        <lb/></head>
        <p>Toutes nos actions sont dues à <hi rend="small-caps">Jésus-Christ</hi>, non seulement comme à notre Dieu, mais comme <pb n="325"/>à celui qui nous a rachetés d’un grand prix, pour nous obliger à le glorifier dans toutes nos œuvres, selon S. Paul. Il faut que toutes nos actions soient rapportées à sa gloire et qu’elles témoignent que nous voulons imiter <hi rend="small-caps">Jésus-Christ</hi> crucifié, que nous aimons ce qu’il a aimé, et que nous haïssons ce qu’il a haï. Et comme il est le principe de toutes nos bonnes œuvres, et que la grâce par laquelle nous les faisons est le fruit de sa Croix; nous le devons remercier de toutes celles que son esprit nous fait faire. Il faut enfin que nous puissions dire véritablement que nous les faisons pour lui et par son amour. Or ne serait-ce pas se moquer de Dieu et des hommes, que de dire que l’on va à la Comédie pour l’amour de <hi rend="small-caps">Jésus-Christ</hi> ? Oserions-nous lui offrir cette action, et lui dire, Seigneur, c’est pour vous obéir que je veux aller à la Comédie ; ce sera votre esprit qui m’y conduira ; ce sera vous qui serez le principe de cette action ; c’est par votre Croix que vous me l’avez <pb n="326"/>méritée ? Y a-t-il quelqu’un assez aveugle ou assez endurci pour pouvoir souffrir sans horreur l’impiété de ce langage ? Et ceux mêmes qui travaillent le plus à justifier la Comédie, ont-ils jamais osé offrir cette action à Dieu ? Ont-ils jamais pensé à rendre grâces à Dieu d’y avoir assisté ? N’est-ce pas une preuve sensible que leur conscience dément leurs fausses lumières, et qu’ils sont eux-mêmes convaincus au fond de leur cœur du mal qu’il y a dans la Comédie, quoiqu’ils tâchent de se le dissimuler par les faibles raisons que leur esprit leur fournit. Car toute action qu’on n’oserait offrir à Dieu, toute action dont l’esprit de <hi rend="small-caps">Jésus-Christ</hi> n’est point le principe, toute action que l’on ne saurait faire pour lui obéir; toute action qui ne saurait être un fruit et un effet de sa Croix, enfin toute action dont on n’oserait le remercier, ne peut être bonne ni permise à un Chrétien.</p>
      </div>
      <div type="titre2">
        <head>XXXII. <pb n="327"/>
        <lb/></head>
        <p>Si le Chrétien se considère comme pécheur, il doit reconnaître qu’il n’y a rien de plus contraire à cet état qui l’oblige à la pénitence, aux larmes et à la fuite des plaisirs inutiles, que la recherche d’un divertissement aussi vain, et aussi dangereux que la Comédie. S’il se considère comme enfant de Dieu, comme membre de <hi rend="small-caps">Jésus-Christ</hi>, illuminé par sa vérité, enrichi de ses grâces, nourri de son corps, héritier de son Royaume; il doit juger qu’il n’y a rien de plus indigne d’une si haute qualité que de prendre part à ces folles joies des enfants du siècle.</p>
      </div>
      <div type="titre2">
        <head>XXXIII.
        <lb/></head>
        <p>L’âme ne saurait conserver une véritable piété sans le secours d’une crainte salutaire, qu’elle conçoit à la vue des dangers dont elle est environnée. Elle ne peut ignorer la puissance et la malice de ses ennemis qui font la ronde autour d’elle pour <pb n="328"/>la dévorer, comme parle l’Ecriture. Elle sait, comme dit saint Paulin, que toutes les créatures corporelles qui attirent nos cœurs par l’entremise de nos yeux, sont autant de rets dont le Diable se sert pour nous prendre ; autant d’épées dont il tâche de nous percer le cœur. Elle sait qu’elle marche au milieu de ses ennemis et de mille pièges, et qu’elle y marche sans lumière et sans force, parce qu’elle ne voit que ténèbres dans son entendement, que faiblesse dans sa volonté, que révolte dans ses sens. L’expérience de tant d’âmes qui se perdent à ses yeux, et le dérèglement général qui règne partout, lui fait connaître qu’il n’y a rien de plus rare que la vertu Chrétienne, rien de plus facile que de se perdre, rien de plus difficile que de se sauver. Comment pourrait-elle donc allier avec une crainte si juste des maux effroyables qui la menacent, les vaines réjouissances du monde, et repaître son esprit des chimères dont les Comédies le remplissent ? N’est-il pas visible que comme <pb n="329"/>l’effet naturel de la Comédie est d’étouffer cette crainte si salutaire, aussi l’effet de cette crainte doit être d’étouffer le désir d’un divertissement si inutile et si profane, et de faire conclure à l’âme qu’elle a bien d’autres choses à penser et à faire dans ce monde, que d’aller à la Comédie ; que le temps que Dieu lui donne est trop précieux, pour le perdre malheureusement dans ces vains amusements. De sorte que lorsqu’elle s’y abandonne, il faut que ce soit en s’aveuglant elle-même, en perdant le souvenir de ses dangers, et en étouffant ainsi cette disposition par laquelle le saint Esprit entre dans le cœur, et qu’il y entretient tant qu’il y demeure.</p>
      </div>
      <div type="titre2">
        <head>XXXIV.
        <lb/></head>
        <p>Un des premiers effets de la lumière de la grâce est de découvrir à l’âme le vide, le néant, et l’instabilité de toutes les choses du monde, qui s’écoulent et s’évanouissent comme des fantômes; et de lui faire voir en même <pb n="330"/>temps la grandeur et la solidité des biens éternels. Et cette disposition produit d’elle- même une aversion particulière pour les Comédies, parce qu’elle y voit un vide et un néant tout particulier. Car si toutes les choses temporelles ne sont que des figures et des ombres, en quel rang doit-on mettre les Comédies, qui ne sont que les ombres des ombres, puisque ce ne sont que de vaines images des choses temporelles, et souvent de choses fausses ?</p>
      </div>
      <div type="titre2">
        <head>XXXV.
        <lb/></head>
        <p>Le péché a ouvert les yeux aux hommes pour leur faire voir les vanités du monde avec plaisir. Et la grâce du Christianisme, en ouvrant les yeux de l’âme pour les choses de Dieu, les ferme pour les choses séculières, par un aveuglement beaucoup plus heureux que cette vue misérable que le péché nous a procurée. C’est cet aveuglement salutaire, dit saint Paulin, que le Prophète demandait à Dieu, lorsqu’il dit : <quote><hi rend="i">Empêchez mes yeux de <pb n="331"/>voir la vanité</hi></quote> ; et que le Seigneur préfère aux yeux clairvoyants des Juifs, lorsqu’il leur dit : <quote><hi rend="i">Si caeci essetis, non haberetis peccatum</hi></quote>. <hi rend="i">Si vous étiez aveugles, vous n’auriez point de péché.</hi></p>
        <p>Si nous sommes donc obligés, en qualité de Chrétiens, de demander à Dieu qu’il nous ôte les yeux pour toutes les folies du monde, dont la Comédie est comme l’abrégé, et qu’il nous en imprime la haine et l’aversion dans le cœur: comment pourrons-nous croire que nous puissions repaître nos yeux de ces vains spectacles, et mettre notre contentement en ce qui doit être l’objet de notre aversion et de notre horreur ?</p>
      </div>
    </body>
  </text>
</TEI>
